<?xml version="1.0"?>
<data grt_format="2.0">
  <value _ptr_="000002453E9F6200" type="list" content-type="object" content-struct-name="db.mgmt.Connection">
    <value type="object" struct-name="db.mgmt.Connection" id="{D7A5083F-BC9D-4F98-8115-68AC9C5B4406}" struct-checksum="0x96ba47d8">
      <link type="object" struct-name="db.mgmt.Driver" key="driver">com.mysql.rdbms.mysql.driver.native</link>
      <value type="string" key="hostIdentifier">Mysql@10.0.9.18:3306</value>
      <value type="int" key="isDefault">1</value>
      <value _ptr_="0000024545FAE060" type="dict" key="modules"/>
      <value _ptr_="0000024545FAE8A0" type="dict" key="parameterValues">
        <value type="string" key="SQL_MODE"></value>
        <value type="string" key="hostName">10.0.9.18</value>
        <value type="int" key="lastConnected">1532365006</value>
        <value type="string" key="password"></value>
        <value type="int" key="port">3306</value>
        <value type="string" key="schema"></value>
        <value type="string" key="serverVersion">5.7.22</value>
        <value type="string" key="sslCA"></value>
        <value type="string" key="sslCert"></value>
        <value type="string" key="sslCipher"></value>
        <value type="string" key="sslKey"></value>
        <value type="int" key="useSSL">1</value>
        <value type="string" key="userName">root</value>
      </value>
      <value type="string" key="name">zabbix-10.0.9.18</value>
      <link type="object" struct-name="GrtObject" key="owner">{8857C90F-4131-4163-8746-2F292D8326B1}</link>
    </value>
  </value>
</data>
