<?xml version="1.0"?>
<data grt_format="2.0">
  <value _ptr_="000002453E9F7460" type="list" content-type="object" content-struct-name="db.mgmt.ServerInstance">
    <value type="object" struct-name="db.mgmt.ServerInstance" id="{4CF7D782-B4C7-45C1-9367-B05C7560B51F}" struct-checksum="0x367436e2">
      <link type="object" struct-name="db.mgmt.Connection" key="connection">{D7A5083F-BC9D-4F98-8115-68AC9C5B4406}</link>
      <value _ptr_="0000024545FAE4E0" type="dict" key="loginInfo"/>
      <value _ptr_="0000024545FAD9A0" type="dict" key="serverInfo">
        <value type="int" key="setupPending">0</value>
        <value type="string" key="sys.sudo"></value>
      </value>
      <value type="string" key="name">zabbix-10.0.9.18</value>
    </value>
  </value>
</data>
